,customer_id,days_since_last_order,orders_prev_30,orders_last_30,signal_inactive,signal_drop,risk_score
1,cust_173,50,4.0,0.0,True,True,100.0
2,cust_049,45,4.0,0.0,True,True,100.0
3,cust_122,43,6.0,0.0,True,True,100.0
4,cust_051,36,4.0,0.0,True,True,100.0
5,cust_082,32,6.0,0.0,True,True,100.0
6,cust_048,31,4.0,0.0,True,True,100.0
7,cust_127,31,6.0,0.0,True,True,100.0
8,cust_010,28,6.0,1.0,False,True,91.7
9,cust_024,16,6.0,1.0,False,True,89.8
10,cust_075,31,4.0,0.0,True,True,86.4
11,cust_077,18,7.0,1.0,False,True,85.7
12,cust_133,24,6.0,2.0,False,True,83.3
13,cust_118,31,4.0,0.0,False,True,81.6
14,cust_174,24,6.0,2.0,False,True,80.6
15,cust_199,11,10.0,1.0,False,True,72.0
16,cust_149,20,5.0,1.0,False,True,71.5
17,cust_040,20,6.0,1.0,False,True,70.5
18,cust_038,16,8.0,3.0,False,True,69.6
19,cust_002,12,9.0,1.0,False,True,68.5
20,cust_101,21,4.0,1.0,False,True,64.8
21,cust_068,14,4.0,2.0,False,True,60.6
22,cust_044,6,6.0,1.0,False,True,58.4
23,cust_163,16,4.0,1.0,False,True,55.7
24,cust_064,11,4.0,1.0,False,True,55.0
25,cust_151,7,8.0,2.0,False,True,53.9
26,cust_135,4,6.0,1.0,False,True,53.4
27,cust_114,5,7.0,1.0,False,True,50.9
28,cust_125,10,4.0,2.0,False,True,50.3
29,cust_076,19,4.0,2.0,False,True,50.2
30,cust_198,99,0.0,0.0,True,False,50.0
31,cust_055,95,0.0,0.0,True,False,50.0
32,cust_070,94,0.0,0.0,True,False,50.0
33,cust_113,82,0.0,0.0,True,False,50.0
34,cust_056,81,0.0,0.0,True,False,50.0
35,cust_003,76,0.0,0.0,True,False,50.0
36,cust_102,75,0.0,0.0,True,False,50.0
37,cust_035,68,0.0,0.0,True,False,50.0
38,cust_143,68,0.0,0.0,True,False,50.0
39,cust_042,61,0.0,0.0,True,False,50.0
40,cust_162,61,0.0,0.0,True,False,50.0
41,cust_079,55,3.0,0.0,True,False,50.0
42,cust_154,53,1.0,0.0,True,False,50.0
43,cust_045,52,1.0,0.0,True,False,50.0
44,cust_039,51,1.0,0.0,True,False,50.0
45,cust_094,50,3.0,0.0,True,False,50.0
46,cust_096,50,1.0,0.0,True,False,50.0
47,cust_130,50,1.0,0.0,True,False,50.0
48,cust_031,49,1.0,0.0,True,False,50.0
49,cust_007,47,2.0,0.0,True,False,50.0
50,cust_047,47,3.0,0.0,True,False,50.0
51,cust_059,47,2.0,0.0,True,False,50.0
52,cust_108,47,3.0,0.0,True,False,50.0
53,cust_152,47,2.0,0.0,True,False,50.0
54,cust_123,44,3.0,0.0,True,False,50.0
55,cust_004,41,3.0,0.0,True,False,50.0
56,cust_021,36,3.0,0.0,True,False,50.0
57,cust_022,36,2.0,0.0,True,False,50.0
58,cust_089,7,6.0,2.0,False,True,49.6
59,cust_129,12,4.0,2.0,False,True,48.9
60,cust_032,4,4.0,1.0,False,True,48.7
61,cust_147,47,2.0,0.0,True,False,43.0
62,cust_029,48,1.0,0.0,True,False,42.1
63,cust_187,33,3.0,0.0,True,False,42.0
64,cust_126,62,0.0,0.0,True,False,41.3
65,cust_018,2,7.0,2.0,False,True,41.2
66,cust_046,1,5.0,1.0,False,True,41.1
67,cust_058,32,3.0,0.0,True,False,40.2
68,cust_196,0,9.0,2.0,False,True,38.9
69,cust_025,52,1.0,0.0,True,False,35.8
70,cust_182,8,4.0,2.0,False,True,34.0
